[
    {
        "id": 1,
        "title": "Plug pulled on rural broadband plans"
    },
    {
        "id": 2,
        "title": "Virgin Media cost and speed increase"
    },
    {
        "id": 3,
        "title": "US file-sharing traffic in decline"
    },
    {
        "id": 4,
        "title": "Apple and Samsung back in court"
    },
    {
        "id": 5,
        "title": "Microwave signals turned into power"
    },
    {
        "id": 6,
        "title": "Smartphone camera reveals PIN"
    },
    {
        "id": 7,
        "title": "Warcraft world gets fifth expansion"
    },
    {
        "id": 8,
        "title": "Vodafone profits in 'tough' trading"
    },
    {
        "id": 9,
        "title": "Security risk to 70,000 card holders"
    },
    {
        "id": 10,
        "title": "iPhone maker Pegatron disappoints"
    }
]